More than 1 teacher,,,,,,,,,,,,,
"CHAN PUI SHAN SELINA, SEE YEOW HOE",,,,,,,,,,,,,
"TEO TAI WEI, GAYLE SIM",,,,,,,,,,,,,
"TEO CHOR HOWE, LIM HUI CHI",,,,,,,,,,,,,
"ARTINA BINTE SELAMAT, ZULIANA MOHD SUHOD",,,,,,,,,,,,,
"LUM ZHI YONG AARON, CHAI YEN FONG",,,,,,,,,,,,,
"TANG AILEEN, LUM ZHI YONG AARON",,,,,,,,,,,,,
"FONG SU FERN VIVIEN, WANG MURAN",,,,,,,,,,,,,
"CHIN KAI QING JULIANA, PHUA WILLIAM",,,,,,,,,,,,,
"LYE WAI LENG, TAN XUAN WEN JEFFREY",,,,,,,,,,,,,
"LAM YUEN WAI, LIM HUI CHI",,,,,,,,,,,,,
"SING NIGEL JON, YEO CHIN KENT ERNEST",,,,,,,,,,,,,
"ZULIANA MOHD SUHOD, IRYIANNA AHMAD",,,,,,,,,,,,,
"KWEK YUAN CHIA, IRYIANNA AHMAD",,,,,,,,,,,,,
"GAYLE SIM, TANG AILEEN, LUM ZHI YONG AARON",,,,,,,,,,,,,
"LIM CHIN MIN, PHUA WILLIAM",,,,,,,,,,,,,
"GUO LANHUA, LIM CHIN MIN",,,,,,,,,,,,,
"JOEY GOH QINYUAN, PHUA WILLIAM",,,,,,,,,,,,,
"PRIYA V. JOTHI, LYE WAI LENG",,,,,,,,,,,,,
"TAI MEI EN, YEO CHIN KENT ERNEST",,,,,,,,,,,,,
"ONG CHYE MENG, CHER CAIFENG VALERIE",,,,,,,,,,,,,
"CHEN LIANGCAI, CHAN YOON TENG",,,,,,,,,,,,,
"LEE JIAN HAO JASON, KWEK YUAN CHIA",,,,,,,,,,,,,
"LUM ZHI YONG AARON, GAYLE SIM",,,,,,,,,,,,,
"GOH YINGLUN ALLAN, NICHOLAS TAN AUM YEOW, ADRIAN LOH SIN LOY",,,,,,,,,,,,,
"NG XIU-LI, SING NIGEL JON",,,,,,,,,,,,,
"GAYLE SIM, LUM ZHI YONG AARON",,,,,,,,,,,,,
"NING HWEE TIANG, CHIN KAI QING JULIANA, TAN JIA MIN JASMINE",,,,,,,,,,,,,
"LEE JIAN HAO JASON, WANG MURAN",,,,,,,,,,,,,
"HUANG SHAN, TEO CHOR HOWE",,,,,,,,,,,,,
"HO JIN QING, CHIN KAI QING JULIANA",,,,,,,,,,,,,
"LEE JIAN HAO JASON, LIU WAI LING VIVIAN",,,,,,,,,,,,,
"LIN DONGRUI JUSTIN, PRIYA V. JOTHI",,,,,,,,,,,,,
"ZHANG JIANPING,ZHANG JIANLI",,,,,,,,,,,,,
"TAN CHOR YEAN,TJHIN KE MING",,,,,,,,,,,,,
"PHANG WEI CHENG,CHUAH LAY YEN",,,,,,,,,,,,,
"LIEW YEW TZE,CHUAH LAY YEN",,,,,,,,,,,,,
"CHUAH LAY YEN,BEK AIK CHIANG ALVIN",,,,,,,,,,,,,
"FONG CHEE HOE,CHUAH LAY YEN",,,,,,,,,,,,,
"ARTINA BINTE SELAMAT,IRYIANNA AHMAD",,,,,,,,,,,,,
"LEE SHU HUI DENISE,GAYLE SIM",,,,,,,,,,,,,
"LEE SHU HUI DENISE,LUM ZHI YONG AARON",,,,,,,,,,,,,
"YEO KOK PENG,LEE TAT LEONG",,,,,,,,,,,,,
"NYAM CHING WEE,YEO KOK PENG",,,,,,,,,,,,,
"LIM KIM HOCK,NYAM CHING WEE",,,,,,,,,,,,,
"WANG SHILIANG,ONG CHYE MENG",,,,,,,,,,,,,
"ARTINA BINTE SELAMAT,KAO PEIXIN JAMIE",,,,,,,,,,,,,
"TAY WEN LIN MELANIE,LIN DONGRUI JUSTIN",,,,,,,,,,,,,
"LINDA FAUSTINA,LOW JENG WYE",,,,,,,,,,,,,
"BEERTINO ROMEROW WOE,TAN CHOR YEAN",,,,,,,,,,,,,
"SENTHIL KUMARAN,ZHANG JIANLI",,,,,,,,,,,,,
"HENG LI LI AMANDA,YEO GIM SNG",,,,,,,,,,,,,
"LIM HWEE KE,ZHANG JIANPING",,,,,,,,,,,,,
"WONG HSIEN MING DAVID,REEF KOH JUNJIE",,,,,,,,,,,,,
"YAP TECK SHENG TERENCE,ANDREW S/O ANDENY",,,,,,,,,,,,,
"DASSIAH VICTOR JOHN,SHAHUL",,,,,,,,,,,,,
"TEO CHOR HOWE,SING NIGEL JON",,,,,,,,,,,,,
"LIN DONGRUI JUSTIN,SING NIGEL JON",,,,,,,,,,,,,
"ASRAF ANGULLIA,JOEL POH WEINAN",,,,,,,,,,,,,
"POK WERN JIAN,BEK AIK CHIANG ALVIN,BEERTINO ROMEROW WOE",,,,,,,,,,,,,
"POK WERN JIAN,CHEW JOO OON",,,,,,,,,,,,,
"TAN SOON HENG SIMON,LEE TAT LEONG",,,,,,,,,,,,,
"SOH HUIQING SYLVIA,HO HUI LIN",,,,,,,,,,,,,
"NG SIANG NAN CARMEN,YONG XIN YING",,,,,,,,,,,,,
"OH JIA LIN KAREN,TAN WEI REN BRYAN",,,,,,,,,,,,,
"LEE CHING CHING CHRISTINE,LEONG KHAR WOH",,,,,,,,,,,,,
"STEPHANIE FOO LI MIN,CHAI HAN CHIN DESMOND",,,,,,,,,,,,,
"NG YEE LEE,TAN LEE HUI",,,,,,,,,,,,,
"LEE TAT LEONG,CHEW JOO OON",,,,,,,,,,,,,
"CHUA MANPING,WAN WAI SUM",,,,,,,,,,,,,
"ER YINGHUI JUNICE,TJHIN KE MING",,,,,,,,,,,,,
,,,,,,,,,,,,,
,,,,,,,,,,,,,
,,,,,,,,,,,,,
,,,,,,,,,,,,,
,,,,,,,,,,,,,
,,,,,,,,,,,,,
,,,,,,,,,,,,,
,,,,,,,,,,,,,
,,,,,,,,,,,,,
,,,,,,,,,,,,,
,,,,,,,,,,,,,
,,,,,,,,,,,,,
,,,,,,,,,,,,,
,,,,,,,,,,,,,
,,,,,,,,,,,,,
,,,,,,,,,,,,,
,,,,,,,,,,,,,
,,,,,,,,,,,,,
,,,,,,,,,,,,,
,,,,,,,,,,,,,
,,,,,,,,,,,,,
,,,,,,,,,,,,,
,,,,,,,,,,,,,
,,,,,,,,,,,,,
,,,,,,,,,,,,,
,,,,,,,,,,,,,
,,,,,,,,,,,,,
,,,,,,,,,,,,,
,,,,,,,,,,,,,
,,,,,,,,,,,,,
,,,,,,,,,,,,,
,,,,,,,,,,,,,
,,,,,,,,,,,,,
,,,,,,,,,,,,,
,,,,,,,,,,,,,
,,,,,,,,,,,,,